id,dut,categories,test,description,inputs,result,messages
1,s1-leaf1,BGP,VerifyBGPSpecificPeers,Verifies the health of specific BGP peer(s).,BGP EVPN Peer: s1-spine1 (IP: 192.0.255.1),PASS,
2,s1-leaf1,BGP,VerifyBGPSpecificPeers,Verifies the health of specific BGP peer(s).,BGP EVPN Peer: s1-spine2 (IP: 192.0.255.2),PASS,
3,s1-leaf1,Connectivity,VerifyLLDPNeighbors,Verifies that the provided LLDP neighbors are connected properly.,Local: Ethernet1 - Remote: s1-leaf2 Ethernet1,PASS,
4,s1-leaf1,Connectivity,VerifyLLDPNeighbors,Verifies that the provided LLDP neighbors are connected properly.,Local: Ethernet2 - Remote: s1-spine1 Ethernet2,PASS,
5,s1-leaf1,Connectivity,VerifyLLDPNeighbors,Verifies that the provided LLDP neighbors are connected properly.,Local: Ethernet3 - Remote: s1-spine2 Ethernet2,PASS,
6,s1-leaf1,Connectivity,VerifyLLDPNeighbors,Verifies that the provided LLDP neighbors are connected properly.,Local: Ethernet6 - Remote: s1-leaf2 Ethernet6,PASS,
7,s1-leaf1,Connectivity,VerifyReachability,Test the network reachability to one or many destination IP(s).,Source: Loopback0 (IP: 192.0.255.3) - Destination: s1-leaf1 Loopback0 (IP: 192.0.255.3),PASS,
8,s1-leaf1,Connectivity,VerifyReachability,Test the network reachability to one or many destination IP(s).,Source: Loopback0 (IP: 192.0.255.3) - Destination: s1-leaf2 Loopback0 (IP: 192.0.255.4),PASS,
9,s1-leaf1,Connectivity,VerifyReachability,Test the network reachability to one or many destination IP(s).,Source: Loopback0 (IP: 192.0.255.3) - Destination: s1-leaf3 Loopback0 (IP: 192.0.255.5),PASS,
10,s1-leaf1,Connectivity,VerifyReachability,Test the network reachability to one or many destination IP(s).,Source: Loopback0 (IP: 192.0.255.3) - Destination: s1-leaf4 Loopback0 (IP: 192.0.255.6),PASS,
11,s1-leaf1,Connectivity,VerifyReachability,Test the network reachability to one or many destination IP(s).,Source: Loopback0 (IP: 192.0.255.3) - Destination: s1-spine1 Loopback0 (IP: 192.0.255.1),PASS,
12,s1-leaf1,Connectivity,VerifyReachability,Test the network reachability to one or many destination IP(s).,Source: Loopback0 (IP: 192.0.255.3) - Destination: s1-spine2 Loopback0 (IP: 192.0.255.2),PASS,
13,s1-leaf1,Connectivity,VerifyReachability,Test the network reachability to one or many destination IP(s).,Source: P2P Interface Ethernet2 (IP: 172.30.255.1) - Destination: s1-spine1 Ethernet2 (IP: 172.30.255.0),PASS,
14,s1-leaf1,Connectivity,VerifyReachability,Test the network reachability to one or many destination IP(s).,Source: P2P Interface Ethernet3 (IP: 172.30.255.3) - Destination: s1-spine2 Ethernet2 (IP: 172.30.255.2),PASS,
15,s1-leaf1,Hardware,VerifyEnvironmentCooling,Verifies the status of power supply fans and all fan trays.,Accepted States: 'ok',SKIPPED,VerifyEnvironmentCooling test is not supported on cEOSLab.
16,s1-leaf1,Hardware,VerifyEnvironmentPower,Verifies the power supplies status.,Accepted States: 'ok',SKIPPED,VerifyEnvironmentPower test is not supported on cEOSLab.
17,s1-leaf1,Hardware,VerifyTemperature,Verifies the device temperature.,,SKIPPED,VerifyTemperature test is not supported on cEOSLab.
18,s1-leaf1,Hardware,VerifyTransceiversManufacturers,Verifies if all transceivers come from approved manufacturers.,"Accepted Manufacturers: 'Arista Networks', 'Arastra, Inc.', 'Not Present'",SKIPPED,VerifyTransceiversManufacturers test is not supported on cEOSLab.
19,s1-leaf1,Interfaces,VerifyInterfacesStatus,Verifies the status of the provided interfaces.,Interface Ethernet1 - MLAG_PEER_s1-leaf2_Ethernet1 = 'up',PASS,
20,s1-leaf1,Interfaces,VerifyInterfacesStatus,Verifies the status of the provided interfaces.,Interface Ethernet2 - P2P_LINK_TO_S1-SPINE1_Ethernet2 = 'up',PASS,
21,s1-leaf1,Interfaces,VerifyInterfacesStatus,Verifies the status of the provided interfaces.,Interface Ethernet3 - P2P_LINK_TO_S1-SPINE2_Ethernet2 = 'up',PASS,
22,s1-leaf1,Interfaces,VerifyInterfacesStatus,Verifies the status of the provided interfaces.,Interface Ethernet4 - s1-host1_Eth1 = 'up',PASS,
23,s1-leaf1,Interfaces,VerifyInterfacesStatus,Verifies the status of the provided interfaces.,Interface Ethernet6 - MLAG_PEER_s1-leaf2_Ethernet6 = 'up',PASS,
24,s1-leaf1,Interfaces,VerifyInterfacesStatus,Verifies the status of the provided interfaces.,Interface Loopback0 - EVPN_Overlay_Peering = 'up',PASS,
25,s1-leaf1,Interfaces,VerifyInterfacesStatus,Verifies the status of the provided interfaces.,Interface Loopback1 - VTEP_VXLAN_Tunnel_Source = 'up',PASS,
26,s1-leaf1,Interfaces,VerifyInterfacesStatus,Verifies the status of the provided interfaces.,Interface Loopback100 - Tenant_A_OP_Zone_VTEP_DIAGNOSTICS = 'up',PASS,
27,s1-leaf1,Interfaces,VerifyInterfacesStatus,Verifies the status of the provided interfaces.,Interface Port-Channel1 - MLAG_PEER_s1-leaf2_Po1 = 'up',PASS,
28,s1-leaf1,Interfaces,VerifyInterfacesStatus,Verifies the status of the provided interfaces.,Interface Port-Channel4 - s1-host1_PortChannel = 'up',FAIL,The following interface(s) are not in the expected state: ['Port-Channel4 is down/lowerLayerDown']
29,s1-leaf1,Interfaces,VerifyInterfacesStatus,Verifies the status of the provided interfaces.,Interface Vlan110 - Tenant_A_OP_Zone_1 = 'up',PASS,
30,s1-leaf1,Interfaces,VerifyInterfacesStatus,Verifies the status of the provided interfaces.,Interface Vlan210 - Tenant_B_OP_Zone_1 = 'up',PASS,
31,s1-leaf1,Interfaces,VerifyInterfacesStatus,Verifies the status of the provided interfaces.,Interface Vlan211 - Tenant_B_OP_Zone_2 = 'adminDown',PASS,
32,s1-leaf1,Interfaces,VerifyInterfacesStatus,Verifies the status of the provided interfaces.,Interface Vlan3009 - MLAG_PEER_L3_iBGP: vrf Tenant_A_OP_Zone = 'up',PASS,
33,s1-leaf1,Interfaces,VerifyInterfacesStatus,Verifies the status of the provided interfaces.,Interface Vlan3019 - MLAG_PEER_L3_iBGP: vrf Tenant_B_OP_Zone = 'up',PASS,
34,s1-leaf1,Interfaces,VerifyInterfacesStatus,Verifies the status of the provided interfaces.,Interface Vlan4093 - MLAG_PEER_L3_PEERING = 'up',PASS,
35,s1-leaf1,Interfaces,VerifyInterfacesStatus,Verifies the status of the provided interfaces.,Interface Vlan4094 - MLAG_PEER = 'up',PASS,
36,s1-leaf1,Interfaces,VerifyInterfacesStatus,Verifies the status of the provided interfaces.,Interface Vxlan1 = 'up',PASS,
37,s1-leaf1,MLAG,VerifyMlagStatus,Verifies the health status of the MLAG configuration.,,PASS,
38,s1-leaf1,Routing,VerifyRoutingProtocolModel,Verifies the configured routing protocol model.,Routing protocol model: multi-agent,PASS,
39,s1-leaf1,Routing,VerifyRoutingTableEntry,Verifies that the provided routes are present in the routing table of a specified VRF.,Route: 192.0.254.3 - Peer: s1-leaf1,PASS,
40,s1-leaf1,Routing,VerifyRoutingTableEntry,Verifies that the provided routes are present in the routing table of a specified VRF.,Route: 192.0.254.5 - Peer: s1-leaf3,PASS,
41,s1-leaf1,Routing,VerifyRoutingTableEntry,Verifies that the provided routes are present in the routing table of a specified VRF.,Route: 192.0.255.1 - Peer: s1-spine1,PASS,
42,s1-leaf1,Routing,VerifyRoutingTableEntry,Verifies that the provided routes are present in the routing table of a specified VRF.,Route: 192.0.255.2 - Peer: s1-spine2,PASS,
43,s1-leaf1,Routing,VerifyRoutingTableEntry,Verifies that the provided routes are present in the routing table of a specified VRF.,Route: 192.0.255.3 - Peer: s1-leaf1,PASS,
44,s1-leaf1,Routing,VerifyRoutingTableEntry,Verifies that the provided routes are present in the routing table of a specified VRF.,Route: 192.0.255.4 - Peer: s1-leaf2,PASS,
45,s1-leaf1,Routing,VerifyRoutingTableEntry,Verifies that the provided routes are present in the routing table of a specified VRF.,Route: 192.0.255.5 - Peer: s1-leaf3,PASS,
46,s1-leaf1,Routing,VerifyRoutingTableEntry,Verifies that the provided routes are present in the routing table of a specified VRF.,Route: 192.0.255.6 - Peer: s1-leaf4,PASS,
47,s1-leaf1,System,VerifyNTP,Verifies if NTP is synchronised.,,PASS,
48,s1-leaf2,BGP,VerifyBGPSpecificPeers,Verifies the health of specific BGP peer(s).,BGP EVPN Peer: s1-spine1 (IP: 192.0.255.1),PASS,
49,s1-leaf2,BGP,VerifyBGPSpecificPeers,Verifies the health of specific BGP peer(s).,BGP EVPN Peer: s1-spine2 (IP: 192.0.255.2),PASS,
50,s1-leaf2,Connectivity,VerifyLLDPNeighbors,Verifies that the provided LLDP neighbors are connected properly.,Local: Ethernet1 - Remote: s1-leaf1 Ethernet1,PASS,
51,s1-leaf2,Connectivity,VerifyLLDPNeighbors,Verifies that the provided LLDP neighbors are connected properly.,Local: Ethernet2 - Remote: s1-spine1 Ethernet3,PASS,
52,s1-leaf2,Connectivity,VerifyLLDPNeighbors,Verifies that the provided LLDP neighbors are connected properly.,Local: Ethernet3 - Remote: s1-spine2 Ethernet3,PASS,
53,s1-leaf2,Connectivity,VerifyLLDPNeighbors,Verifies that the provided LLDP neighbors are connected properly.,Local: Ethernet6 - Remote: s1-leaf1 Ethernet6,PASS,
54,s1-leaf2,Connectivity,VerifyReachability,Test the network reachability to one or many destination IP(s).,Source: Loopback0 (IP: 192.0.255.4) - Destination: s1-leaf1 Loopback0 (IP: 192.0.255.3),PASS,
55,s1-leaf2,Connectivity,VerifyReachability,Test the network reachability to one or many destination IP(s).,Source: Loopback0 (IP: 192.0.255.4) - Destination: s1-leaf2 Loopback0 (IP: 192.0.255.4),PASS,
56,s1-leaf2,Connectivity,VerifyReachability,Test the network reachability to one or many destination IP(s).,Source: Loopback0 (IP: 192.0.255.4) - Destination: s1-leaf3 Loopback0 (IP: 192.0.255.5),PASS,
57,s1-leaf2,Connectivity,VerifyReachability,Test the network reachability to one or many destination IP(s).,Source: Loopback0 (IP: 192.0.255.4) - Destination: s1-leaf4 Loopback0 (IP: 192.0.255.6),PASS,
58,s1-leaf2,Connectivity,VerifyReachability,Test the network reachability to one or many destination IP(s).,Source: Loopback0 (IP: 192.0.255.4) - Destination: s1-spine1 Loopback0 (IP: 192.0.255.1),PASS,
59,s1-leaf2,Connectivity,VerifyReachability,Test the network reachability to one or many destination IP(s).,Source: Loopback0 (IP: 192.0.255.4) - Destination: s1-spine2 Loopback0 (IP: 192.0.255.2),PASS,
60,s1-leaf2,Connectivity,VerifyReachability,Test the network reachability to one or many destination IP(s).,Source: P2P Interface Ethernet2 (IP: 172.30.255.5) - Destination: s1-spine1 Ethernet3 (IP: 172.30.255.4),PASS,
61,s1-leaf2,Connectivity,VerifyReachability,Test the network reachability to one or many destination IP(s).,Source: P2P Interface Ethernet3 (IP: 172.30.255.7) - Destination: s1-spine2 Ethernet3 (IP: 172.30.255.6),PASS,
62,s1-leaf2,Hardware,VerifyEnvironmentCooling,Verifies the status of power supply fans and all fan trays.,Accepted States: 'ok',SKIPPED,VerifyEnvironmentCooling test is not supported on cEOSLab.
63,s1-leaf2,Hardware,VerifyEnvironmentPower,Verifies the power supplies status.,Accepted States: 'ok',SKIPPED,VerifyEnvironmentPower test is not supported on cEOSLab.
64,s1-leaf2,Hardware,VerifyTemperature,Verifies the device temperature.,,SKIPPED,VerifyTemperature test is not supported on cEOSLab.
65,s1-leaf2,Hardware,VerifyTransceiversManufacturers,Verifies if all transceivers come from approved manufacturers.,"Accepted Manufacturers: 'Arista Networks', 'Arastra, Inc.', 'Not Present'",SKIPPED,VerifyTransceiversManufacturers test is not supported on cEOSLab.
66,s1-leaf2,Interfaces,VerifyInterfacesStatus,Verifies the status of the provided interfaces.,Interface Ethernet1 - MLAG_PEER_s1-leaf1_Ethernet1 = 'up',PASS,
67,s1-leaf2,Interfaces,VerifyInterfacesStatus,Verifies the status of the provided interfaces.,Interface Ethernet2 - P2P_LINK_TO_S1-SPINE1_Ethernet3 = 'up',PASS,
68,s1-leaf2,Interfaces,VerifyInterfacesStatus,Verifies the status of the provided interfaces.,Interface Ethernet3 - P2P_LINK_TO_S1-SPINE2_Ethernet3 = 'up',PASS,
69,s1-leaf2,Interfaces,VerifyInterfacesStatus,Verifies the status of the provided interfaces.,Interface Ethernet4 - s1-host1_Eth2 = 'up',PASS,
70,s1-leaf2,Interfaces,VerifyInterfacesStatus,Verifies the status of the provided interfaces.,Interface Ethernet6 - MLAG_PEER_s1-leaf1_Ethernet6 = 'up',PASS,
71,s1-leaf2,Interfaces,VerifyInterfacesStatus,Verifies the status of the provided interfaces.,Interface Loopback0 - EVPN_Overlay_Peering = 'up',PASS,
72,s1-leaf2,Interfaces,VerifyInterfacesStatus,Verifies the status of the provided interfaces.,Interface Loopback1 - VTEP_VXLAN_Tunnel_Source = 'up',PASS,
73,s1-leaf2,Interfaces,VerifyInterfacesStatus,Verifies the status of the provided interfaces.,Interface Loopback100 - Tenant_A_OP_Zone_VTEP_DIAGNOSTICS = 'up',PASS,
74,s1-leaf2,Interfaces,VerifyInterfacesStatus,Verifies the status of the provided interfaces.,Interface Port-Channel1 - MLAG_PEER_s1-leaf1_Po1 = 'up',PASS,
75,s1-leaf2,Interfaces,VerifyInterfacesStatus,Verifies the status of the provided interfaces.,Interface Port-Channel4 - s1-host1_PortChannel = 'up',FAIL,The following interface(s) are not in the expected state: ['Port-Channel4 is down/lowerLayerDown']
76,s1-leaf2,Interfaces,VerifyInterfacesStatus,Verifies the status of the provided interfaces.,Interface Vlan110 - Tenant_A_OP_Zone_1 = 'up',PASS,
77,s1-leaf2,Interfaces,VerifyInterfacesStatus,Verifies the status of the provided interfaces.,Interface Vlan210 - Tenant_B_OP_Zone_1 = 'up',PASS,
78,s1-leaf2,Interfaces,VerifyInterfacesStatus,Verifies the status of the provided interfaces.,Interface Vlan211 - Tenant_B_OP_Zone_2 = 'adminDown',PASS,
79,s1-leaf2,Interfaces,VerifyInterfacesStatus,Verifies the status of the provided interfaces.,Interface Vlan3009 - MLAG_PEER_L3_iBGP: vrf Tenant_A_OP_Zone = 'up',PASS,
80,s1-leaf2,Interfaces,VerifyInterfacesStatus,Verifies the status of the provided interfaces.,Interface Vlan3019 - MLAG_PEER_L3_iBGP: vrf Tenant_B_OP_Zone = 'up',PASS,
81,s1-leaf2,Interfaces,VerifyInterfacesStatus,Verifies the status of the provided interfaces.,Interface Vlan4093 - MLAG_PEER_L3_PEERING = 'up',PASS,
82,s1-leaf2,Interfaces,VerifyInterfacesStatus,Verifies the status of the provided interfaces.,Interface Vlan4094 - MLAG_PEER = 'up',PASS,
83,s1-leaf2,Interfaces,VerifyInterfacesStatus,Verifies the status of the provided interfaces.,Interface Vxlan1 = 'up',PASS,
84,s1-leaf2,MLAG,VerifyMlagStatus,Verifies the health status of the MLAG configuration.,,PASS,
85,s1-leaf2,Routing,VerifyRoutingProtocolModel,Verifies the configured routing protocol model.,Routing protocol model: multi-agent,PASS,
86,s1-leaf2,Routing,VerifyRoutingTableEntry,Verifies that the provided routes are present in the routing table of a specified VRF.,Route: 192.0.254.3 - Peer: s1-leaf1,PASS,
87,s1-leaf2,Routing,VerifyRoutingTableEntry,Verifies that the provided routes are present in the routing table of a specified VRF.,Route: 192.0.254.5 - Peer: s1-leaf3,PASS,
88,s1-leaf2,Routing,VerifyRoutingTableEntry,Verifies that the provided routes are present in the routing table of a specified VRF.,Route: 192.0.255.1 - Peer: s1-spine1,PASS,
89,s1-leaf2,Routing,VerifyRoutingTableEntry,Verifies that the provided routes are present in the routing table of a specified VRF.,Route: 192.0.255.2 - Peer: s1-spine2,PASS,
90,s1-leaf2,Routing,VerifyRoutingTableEntry,Verifies that the provided routes are present in the routing table of a specified VRF.,Route: 192.0.255.3 - Peer: s1-leaf1,PASS,
91,s1-leaf2,Routing,VerifyRoutingTableEntry,Verifies that the provided routes are present in the routing table of a specified VRF.,Route: 192.0.255.4 - Peer: s1-leaf2,PASS,
92,s1-leaf2,Routing,VerifyRoutingTableEntry,Verifies that the provided routes are present in the routing table of a specified VRF.,Route: 192.0.255.5 - Peer: s1-leaf3,PASS,
93,s1-leaf2,Routing,VerifyRoutingTableEntry,Verifies that the provided routes are present in the routing table of a specified VRF.,Route: 192.0.255.6 - Peer: s1-leaf4,PASS,
94,s1-leaf2,System,VerifyNTP,Verifies if NTP is synchronised.,,PASS,
95,s1-leaf3,BGP,VerifyBGPSpecificPeers,Verifies the health of specific BGP peer(s).,BGP EVPN Peer: s1-spine1 (IP: 192.0.255.1),PASS,
96,s1-leaf3,BGP,VerifyBGPSpecificPeers,Verifies the health of specific BGP peer(s).,BGP EVPN Peer: s1-spine2 (IP: 192.0.255.2),PASS,
97,s1-leaf3,Connectivity,VerifyLLDPNeighbors,Verifies that the provided LLDP neighbors are connected properly.,Local: Ethernet1 - Remote: s1-leaf4 Ethernet1,PASS,
98,s1-leaf3,Connectivity,VerifyLLDPNeighbors,Verifies that the provided LLDP neighbors are connected properly.,Local: Ethernet2 - Remote: s1-spine1 Ethernet4,PASS,
99,s1-leaf3,Connectivity,VerifyLLDPNeighbors,Verifies that the provided LLDP neighbors are connected properly.,Local: Ethernet3 - Remote: s1-spine2 Ethernet4,PASS,
100,s1-leaf3,Connectivity,VerifyLLDPNeighbors,Verifies that the provided LLDP neighbors are connected properly.,Local: Ethernet6 - Remote: s1-leaf4 Ethernet6,PASS,
101,s1-leaf3,Connectivity,VerifyReachability,Test the network reachability to one or many destination IP(s).,Source: Loopback0 (IP: 192.0.255.5) - Destination: s1-leaf1 Loopback0 (IP: 192.0.255.3),PASS,
102,s1-leaf3,Connectivity,VerifyReachability,Test the network reachability to one or many destination IP(s).,Source: Loopback0 (IP: 192.0.255.5) - Destination: s1-leaf2 Loopback0 (IP: 192.0.255.4),PASS,
103,s1-leaf3,Connectivity,VerifyReachability,Test the network reachability to one or many destination IP(s).,Source: Loopback0 (IP: 192.0.255.5) - Destination: s1-leaf3 Loopback0 (IP: 192.0.255.5),PASS,
104,s1-leaf3,Connectivity,VerifyReachability,Test the network reachability to one or many destination IP(s).,Source: Loopback0 (IP: 192.0.255.5) - Destination: s1-leaf4 Loopback0 (IP: 192.0.255.6),PASS,
105,s1-leaf3,Connectivity,VerifyReachability,Test the network reachability to one or many destination IP(s).,Source: Loopback0 (IP: 192.0.255.5) - Destination: s1-spine1 Loopback0 (IP: 192.0.255.1),PASS,
106,s1-leaf3,Connectivity,VerifyReachability,Test the network reachability to one or many destination IP(s).,Source: Loopback0 (IP: 192.0.255.5) - Destination: s1-spine2 Loopback0 (IP: 192.0.255.2),PASS,
107,s1-leaf3,Connectivity,VerifyReachability,Test the network reachability to one or many destination IP(s).,Source: P2P Interface Ethernet2 (IP: 172.30.255.9) - Destination: s1-spine1 Ethernet4 (IP: 172.30.255.8),PASS,
108,s1-leaf3,Connectivity,VerifyReachability,Test the network reachability to one or many destination IP(s).,Source: P2P Interface Ethernet3 (IP: 172.30.255.11) - Destination: s1-spine2 Ethernet4 (IP: 172.30.255.10),PASS,
109,s1-leaf3,Hardware,VerifyEnvironmentCooling,Verifies the status of power supply fans and all fan trays.,Accepted States: 'ok',SKIPPED,VerifyEnvironmentCooling test is not supported on cEOSLab.
110,s1-leaf3,Hardware,VerifyEnvironmentPower,Verifies the power supplies status.,Accepted States: 'ok',SKIPPED,VerifyEnvironmentPower test is not supported on cEOSLab.
111,s1-leaf3,Hardware,VerifyTemperature,Verifies the device temperature.,,SKIPPED,VerifyTemperature test is not supported on cEOSLab.
112,s1-leaf3,Hardware,VerifyTransceiversManufacturers,Verifies if all transceivers come from approved manufacturers.,"Accepted Manufacturers: 'Arista Networks', 'Arastra, Inc.', 'Not Present'",SKIPPED,VerifyTransceiversManufacturers test is not supported on cEOSLab.
113,s1-leaf3,Interfaces,VerifyInterfacesStatus,Verifies the status of the provided interfaces.,Interface Ethernet1 - MLAG_PEER_s1-leaf4_Ethernet1 = 'up',PASS,
114,s1-leaf3,Interfaces,VerifyInterfacesStatus,Verifies the status of the provided interfaces.,Interface Ethernet2 - P2P_LINK_TO_S1-SPINE1_Ethernet4 = 'up',PASS,
115,s1-leaf3,Interfaces,VerifyInterfacesStatus,Verifies the status of the provided interfaces.,Interface Ethernet3 - P2P_LINK_TO_S1-SPINE2_Ethernet4 = 'up',PASS,
116,s1-leaf3,Interfaces,VerifyInterfacesStatus,Verifies the status of the provided interfaces.,Interface Ethernet4 - s1-host2_Eth1 = 'up',PASS,
117,s1-leaf3,Interfaces,VerifyInterfacesStatus,Verifies the status of the provided interfaces.,Interface Ethernet6 - MLAG_PEER_s1-leaf4_Ethernet6 = 'up',PASS,
118,s1-leaf3,Interfaces,VerifyInterfacesStatus,Verifies the status of the provided interfaces.,Interface Loopback0 - EVPN_Overlay_Peering = 'up',PASS,
119,s1-leaf3,Interfaces,VerifyInterfacesStatus,Verifies the status of the provided interfaces.,Interface Loopback1 - VTEP_VXLAN_Tunnel_Source = 'up',PASS,
120,s1-leaf3,Interfaces,VerifyInterfacesStatus,Verifies the status of the provided interfaces.,Interface Loopback100 - Tenant_A_OP_Zone_VTEP_DIAGNOSTICS = 'up',PASS,
121,s1-leaf3,Interfaces,VerifyInterfacesStatus,Verifies the status of the provided interfaces.,Interface Port-Channel1 - MLAG_PEER_s1-leaf4_Po1 = 'up',PASS,
122,s1-leaf3,Interfaces,VerifyInterfacesStatus,Verifies the status of the provided interfaces.,Interface Port-Channel4 - s1-host2_PortChannel = 'up',FAIL,The following interface(s) are not in the expected state: ['Port-Channel4 is down/lowerLayerDown']
123,s1-leaf3,Interfaces,VerifyInterfacesStatus,Verifies the status of the provided interfaces.,Interface Vlan110 - Tenant_A_OP_Zone_1 = 'up',PASS,
124,s1-leaf3,Interfaces,VerifyInterfacesStatus,Verifies the status of the provided interfaces.,Interface Vlan210 - Tenant_B_OP_Zone_1 = 'up',PASS,
125,s1-leaf3,Interfaces,VerifyInterfacesStatus,Verifies the status of the provided interfaces.,Interface Vlan211 - Tenant_B_OP_Zone_2 = 'adminDown',PASS,
126,s1-leaf3,Interfaces,VerifyInterfacesStatus,Verifies the status of the provided interfaces.,Interface Vlan3009 - MLAG_PEER_L3_iBGP: vrf Tenant_A_OP_Zone = 'up',PASS,
127,s1-leaf3,Interfaces,VerifyInterfacesStatus,Verifies the status of the provided interfaces.,Interface Vlan3019 - MLAG_PEER_L3_iBGP: vrf Tenant_B_OP_Zone = 'up',PASS,
128,s1-leaf3,Interfaces,VerifyInterfacesStatus,Verifies the status of the provided interfaces.,Interface Vlan4093 - MLAG_PEER_L3_PEERING = 'up',PASS,
129,s1-leaf3,Interfaces,VerifyInterfacesStatus,Verifies the status of the provided interfaces.,Interface Vlan4094 - MLAG_PEER = 'up',PASS,
130,s1-leaf3,Interfaces,VerifyInterfacesStatus,Verifies the status of the provided interfaces.,Interface Vxlan1 = 'up',PASS,
131,s1-leaf3,MLAG,VerifyMlagStatus,Verifies the health status of the MLAG configuration.,,PASS,
132,s1-leaf3,Routing,VerifyRoutingProtocolModel,Verifies the configured routing protocol model.,Routing protocol model: multi-agent,PASS,
133,s1-leaf3,Routing,VerifyRoutingTableEntry,Verifies that the provided routes are present in the routing table of a specified VRF.,Route: 192.0.254.3 - Peer: s1-leaf1,PASS,
134,s1-leaf3,Routing,VerifyRoutingTableEntry,Verifies that the provided routes are present in the routing table of a specified VRF.,Route: 192.0.254.5 - Peer: s1-leaf3,PASS,
135,s1-leaf3,Routing,VerifyRoutingTableEntry,Verifies that the provided routes are present in the routing table of a specified VRF.,Route: 192.0.255.1 - Peer: s1-spine1,PASS,
136,s1-leaf3,Routing,VerifyRoutingTableEntry,Verifies that the provided routes are present in the routing table of a specified VRF.,Route: 192.0.255.2 - Peer: s1-spine2,PASS,
137,s1-leaf3,Routing,VerifyRoutingTableEntry,Verifies that the provided routes are present in the routing table of a specified VRF.,Route: 192.0.255.3 - Peer: s1-leaf1,PASS,
138,s1-leaf3,Routing,VerifyRoutingTableEntry,Verifies that the provided routes are present in the routing table of a specified VRF.,Route: 192.0.255.4 - Peer: s1-leaf2,PASS,
139,s1-leaf3,Routing,VerifyRoutingTableEntry,Verifies that the provided routes are present in the routing table of a specified VRF.,Route: 192.0.255.5 - Peer: s1-leaf3,PASS,
140,s1-leaf3,Routing,VerifyRoutingTableEntry,Verifies that the provided routes are present in the routing table of a specified VRF.,Route: 192.0.255.6 - Peer: s1-leaf4,PASS,
141,s1-leaf3,System,VerifyNTP,Verifies if NTP is synchronised.,,PASS,
142,s1-leaf4,BGP,VerifyBGPSpecificPeers,Verifies the health of specific BGP peer(s).,BGP EVPN Peer: s1-spine1 (IP: 192.0.255.1),PASS,
143,s1-leaf4,BGP,VerifyBGPSpecificPeers,Verifies the health of specific BGP peer(s).,BGP EVPN Peer: s1-spine2 (IP: 192.0.255.2),PASS,
144,s1-leaf4,Connectivity,VerifyLLDPNeighbors,Verifies that the provided LLDP neighbors are connected properly.,Local: Ethernet1 - Remote: s1-leaf3 Ethernet1,PASS,
145,s1-leaf4,Connectivity,VerifyLLDPNeighbors,Verifies that the provided LLDP neighbors are connected properly.,Local: Ethernet2 - Remote: s1-spine1 Ethernet5,PASS,
146,s1-leaf4,Connectivity,VerifyLLDPNeighbors,Verifies that the provided LLDP neighbors are connected properly.,Local: Ethernet3 - Remote: s1-spine2 Ethernet5,PASS,
147,s1-leaf4,Connectivity,VerifyLLDPNeighbors,Verifies that the provided LLDP neighbors are connected properly.,Local: Ethernet6 - Remote: s1-leaf3 Ethernet6,PASS,
148,s1-leaf4,Connectivity,VerifyReachability,Test the network reachability to one or many destination IP(s).,Source: Loopback0 (IP: 192.0.255.6) - Destination: s1-leaf1 Loopback0 (IP: 192.0.255.3),PASS,
149,s1-leaf4,Connectivity,VerifyReachability,Test the network reachability to one or many destination IP(s).,Source: Loopback0 (IP: 192.0.255.6) - Destination: s1-leaf2 Loopback0 (IP: 192.0.255.4),PASS,
150,s1-leaf4,Connectivity,VerifyReachability,Test the network reachability to one or many destination IP(s).,Source: Loopback0 (IP: 192.0.255.6) - Destination: s1-leaf3 Loopback0 (IP: 192.0.255.5),PASS,
151,s1-leaf4,Connectivity,VerifyReachability,Test the network reachability to one or many destination IP(s).,Source: Loopback0 (IP: 192.0.255.6) - Destination: s1-leaf4 Loopback0 (IP: 192.0.255.6),PASS,
152,s1-leaf4,Connectivity,VerifyReachability,Test the network reachability to one or many destination IP(s).,Source: Loopback0 (IP: 192.0.255.6) - Destination: s1-spine1 Loopback0 (IP: 192.0.255.1),PASS,
153,s1-leaf4,Connectivity,VerifyReachability,Test the network reachability to one or many destination IP(s).,Source: Loopback0 (IP: 192.0.255.6) - Destination: s1-spine2 Loopback0 (IP: 192.0.255.2),PASS,
154,s1-leaf4,Connectivity,VerifyReachability,Test the network reachability to one or many destination IP(s).,Source: P2P Interface Ethernet2 (IP: 172.30.255.13) - Destination: s1-spine1 Ethernet5 (IP: 172.30.255.12),PASS,
155,s1-leaf4,Connectivity,VerifyReachability,Test the network reachability to one or many destination IP(s).,Source: P2P Interface Ethernet3 (IP: 172.30.255.15) - Destination: s1-spine2 Ethernet5 (IP: 172.30.255.14),PASS,
156,s1-leaf4,Hardware,VerifyEnvironmentCooling,Verifies the status of power supply fans and all fan trays.,Accepted States: 'ok',SKIPPED,VerifyEnvironmentCooling test is not supported on cEOSLab.
157,s1-leaf4,Hardware,VerifyEnvironmentPower,Verifies the power supplies status.,Accepted States: 'ok',SKIPPED,VerifyEnvironmentPower test is not supported on cEOSLab.
158,s1-leaf4,Hardware,VerifyTemperature,Verifies the device temperature.,,SKIPPED,VerifyTemperature test is not supported on cEOSLab.
159,s1-leaf4,Hardware,VerifyTransceiversManufacturers,Verifies if all transceivers come from approved manufacturers.,"Accepted Manufacturers: 'Arista Networks', 'Arastra, Inc.', 'Not Present'",SKIPPED,VerifyTransceiversManufacturers test is not supported on cEOSLab.
160,s1-leaf4,Interfaces,VerifyInterfacesStatus,Verifies the status of the provided interfaces.,Interface Ethernet1 - MLAG_PEER_s1-leaf3_Ethernet1 = 'up',PASS,
161,s1-leaf4,Interfaces,VerifyInterfacesStatus,Verifies the status of the provided interfaces.,Interface Ethernet2 - P2P_LINK_TO_S1-SPINE1_Ethernet5 = 'up',PASS,
162,s1-leaf4,Interfaces,VerifyInterfacesStatus,Verifies the status of the provided interfaces.,Interface Ethernet3 - P2P_LINK_TO_S1-SPINE2_Ethernet5 = 'up',PASS,
163,s1-leaf4,Interfaces,VerifyInterfacesStatus,Verifies the status of the provided interfaces.,Interface Ethernet4 - s1-host2_Eth2 = 'up',PASS,
164,s1-leaf4,Interfaces,VerifyInterfacesStatus,Verifies the status of the provided interfaces.,Interface Ethernet6 - MLAG_PEER_s1-leaf3_Ethernet6 = 'up',PASS,
165,s1-leaf4,Interfaces,VerifyInterfacesStatus,Verifies the status of the provided interfaces.,Interface Loopback0 - EVPN_Overlay_Peering = 'up',PASS,
166,s1-leaf4,Interfaces,VerifyInterfacesStatus,Verifies the status of the provided interfaces.,Interface Loopback1 - VTEP_VXLAN_Tunnel_Source = 'up',PASS,
167,s1-leaf4,Interfaces,VerifyInterfacesStatus,Verifies the status of the provided interfaces.,Interface Loopback100 - Tenant_A_OP_Zone_VTEP_DIAGNOSTICS = 'up',PASS,
168,s1-leaf4,Interfaces,VerifyInterfacesStatus,Verifies the status of the provided interfaces.,Interface Port-Channel1 - MLAG_PEER_s1-leaf3_Po1 = 'up',PASS,
169,s1-leaf4,Interfaces,VerifyInterfacesStatus,Verifies the status of the provided interfaces.,Interface Port-Channel4 - s1-host2_PortChannel = 'up',FAIL,The following interface(s) are not in the expected state: ['Port-Channel4 is down/lowerLayerDown']
170,s1-leaf4,Interfaces,VerifyInterfacesStatus,Verifies the status of the provided interfaces.,Interface Vlan110 - Tenant_A_OP_Zone_1 = 'up',PASS,
171,s1-leaf4,Interfaces,VerifyInterfacesStatus,Verifies the status of the provided interfaces.,Interface Vlan210 - Tenant_B_OP_Zone_1 = 'up',PASS,
172,s1-leaf4,Interfaces,VerifyInterfacesStatus,Verifies the status of the provided interfaces.,Interface Vlan211 - Tenant_B_OP_Zone_2 = 'adminDown',PASS,
173,s1-leaf4,Interfaces,VerifyInterfacesStatus,Verifies the status of the provided interfaces.,Interface Vlan3009 - MLAG_PEER_L3_iBGP: vrf Tenant_A_OP_Zone = 'up',PASS,
174,s1-leaf4,Interfaces,VerifyInterfacesStatus,Verifies the status of the provided interfaces.,Interface Vlan3019 - MLAG_PEER_L3_iBGP: vrf Tenant_B_OP_Zone = 'up',PASS,
175,s1-leaf4,Interfaces,VerifyInterfacesStatus,Verifies the status of the provided interfaces.,Interface Vlan4093 - MLAG_PEER_L3_PEERING = 'up',PASS,
176,s1-leaf4,Interfaces,VerifyInterfacesStatus,Verifies the status of the provided interfaces.,Interface Vlan4094 - MLAG_PEER = 'up',PASS,
177,s1-leaf4,Interfaces,VerifyInterfacesStatus,Verifies the status of the provided interfaces.,Interface Vxlan1 = 'up',PASS,
178,s1-leaf4,MLAG,VerifyMlagStatus,Verifies the health status of the MLAG configuration.,,PASS,
179,s1-leaf4,Routing,VerifyRoutingProtocolModel,Verifies the configured routing protocol model.,Routing protocol model: multi-agent,PASS,
180,s1-leaf4,Routing,VerifyRoutingTableEntry,Verifies that the provided routes are present in the routing table of a specified VRF.,Route: 192.0.254.3 - Peer: s1-leaf1,PASS,
181,s1-leaf4,Routing,VerifyRoutingTableEntry,Verifies that the provided routes are present in the routing table of a specified VRF.,Route: 192.0.254.5 - Peer: s1-leaf3,PASS,
182,s1-leaf4,Routing,VerifyRoutingTableEntry,Verifies that the provided routes are present in the routing table of a specified VRF.,Route: 192.0.255.1 - Peer: s1-spine1,PASS,
183,s1-leaf4,Routing,VerifyRoutingTableEntry,Verifies that the provided routes are present in the routing table of a specified VRF.,Route: 192.0.255.2 - Peer: s1-spine2,PASS,
184,s1-leaf4,Routing,VerifyRoutingTableEntry,Verifies that the provided routes are present in the routing table of a specified VRF.,Route: 192.0.255.3 - Peer: s1-leaf1,PASS,
185,s1-leaf4,Routing,VerifyRoutingTableEntry,Verifies that the provided routes are present in the routing table of a specified VRF.,Route: 192.0.255.4 - Peer: s1-leaf2,PASS,
186,s1-leaf4,Routing,VerifyRoutingTableEntry,Verifies that the provided routes are present in the routing table of a specified VRF.,Route: 192.0.255.5 - Peer: s1-leaf3,PASS,
187,s1-leaf4,Routing,VerifyRoutingTableEntry,Verifies that the provided routes are present in the routing table of a specified VRF.,Route: 192.0.255.6 - Peer: s1-leaf4,PASS,
188,s1-leaf4,System,VerifyNTP,Verifies if NTP is synchronised.,,PASS,
189,s1-spine1,BGP,VerifyBGPSpecificPeers,Verifies the health of specific BGP peer(s).,BGP EVPN Peer: s1-leaf1 (IP: 192.0.255.3),PASS,
190,s1-spine1,BGP,VerifyBGPSpecificPeers,Verifies the health of specific BGP peer(s).,BGP EVPN Peer: s1-leaf2 (IP: 192.0.255.4),PASS,
191,s1-spine1,BGP,VerifyBGPSpecificPeers,Verifies the health of specific BGP peer(s).,BGP EVPN Peer: s1-leaf3 (IP: 192.0.255.5),PASS,
192,s1-spine1,BGP,VerifyBGPSpecificPeers,Verifies the health of specific BGP peer(s).,BGP EVPN Peer: s1-leaf4 (IP: 192.0.255.6),PASS,
193,s1-spine1,Connectivity,VerifyLLDPNeighbors,Verifies that the provided LLDP neighbors are connected properly.,Local: Ethernet2 - Remote: s1-leaf1 Ethernet2,PASS,
194,s1-spine1,Connectivity,VerifyLLDPNeighbors,Verifies that the provided LLDP neighbors are connected properly.,Local: Ethernet3 - Remote: s1-leaf2 Ethernet2,PASS,
195,s1-spine1,Connectivity,VerifyLLDPNeighbors,Verifies that the provided LLDP neighbors are connected properly.,Local: Ethernet4 - Remote: s1-leaf3 Ethernet2,PASS,
196,s1-spine1,Connectivity,VerifyLLDPNeighbors,Verifies that the provided LLDP neighbors are connected properly.,Local: Ethernet5 - Remote: s1-leaf4 Ethernet2,PASS,
197,s1-spine1,Connectivity,VerifyReachability,Test the network reachability to one or many destination IP(s).,Source: P2P Interface Ethernet2 (IP: 172.30.255.0) - Destination: s1-leaf1 Ethernet2 (IP: 172.30.255.1),PASS,
198,s1-spine1,Connectivity,VerifyReachability,Test the network reachability to one or many destination IP(s).,Source: P2P Interface Ethernet3 (IP: 172.30.255.4) - Destination: s1-leaf2 Ethernet2 (IP: 172.30.255.5),PASS,
199,s1-spine1,Connectivity,VerifyReachability,Test the network reachability to one or many destination IP(s).,Source: P2P Interface Ethernet4 (IP: 172.30.255.8) - Destination: s1-leaf3 Ethernet2 (IP: 172.30.255.9),PASS,
200,s1-spine1,Connectivity,VerifyReachability,Test the network reachability to one or many destination IP(s).,Source: P2P Interface Ethernet5 (IP: 172.30.255.12) - Destination: s1-leaf4 Ethernet2 (IP: 172.30.255.13),PASS,
201,s1-spine1,Hardware,VerifyEnvironmentCooling,Verifies the status of power supply fans and all fan trays.,Accepted States: 'ok',SKIPPED,VerifyEnvironmentCooling test is not supported on cEOSLab.
202,s1-spine1,Hardware,VerifyEnvironmentPower,Verifies the power supplies status.,Accepted States: 'ok',SKIPPED,VerifyEnvironmentPower test is not supported on cEOSLab.
203,s1-spine1,Hardware,VerifyTemperature,Verifies the device temperature.,,SKIPPED,VerifyTemperature test is not supported on cEOSLab.
204,s1-spine1,Hardware,VerifyTransceiversManufacturers,Verifies if all transceivers come from approved manufacturers.,"Accepted Manufacturers: 'Arista Networks', 'Arastra, Inc.', 'Not Present'",SKIPPED,VerifyTransceiversManufacturers test is not supported on cEOSLab.
205,s1-spine1,Interfaces,VerifyInterfacesStatus,Verifies the status of the provided interfaces.,Interface Ethernet2 - P2P_LINK_TO_S1-LEAF1_Ethernet2 = 'up',PASS,
206,s1-spine1,Interfaces,VerifyInterfacesStatus,Verifies the status of the provided interfaces.,Interface Ethernet3 - P2P_LINK_TO_S1-LEAF2_Ethernet2 = 'up',PASS,
207,s1-spine1,Interfaces,VerifyInterfacesStatus,Verifies the status of the provided interfaces.,Interface Ethernet4 - P2P_LINK_TO_S1-LEAF3_Ethernet2 = 'up',PASS,
208,s1-spine1,Interfaces,VerifyInterfacesStatus,Verifies the status of the provided interfaces.,Interface Ethernet5 - P2P_LINK_TO_S1-LEAF4_Ethernet2 = 'up',PASS,
209,s1-spine1,Interfaces,VerifyInterfacesStatus,Verifies the status of the provided interfaces.,Interface Loopback0 - EVPN_Overlay_Peering = 'up',PASS,
210,s1-spine1,Routing,VerifyRoutingProtocolModel,Verifies the configured routing protocol model.,Routing protocol model: multi-agent,PASS,
211,s1-spine1,System,VerifyNTP,Verifies if NTP is synchronised.,,PASS,
212,s1-spine2,BGP,VerifyBGPSpecificPeers,Verifies the health of specific BGP peer(s).,BGP EVPN Peer: s1-leaf1 (IP: 192.0.255.3),PASS,
213,s1-spine2,BGP,VerifyBGPSpecificPeers,Verifies the health of specific BGP peer(s).,BGP EVPN Peer: s1-leaf2 (IP: 192.0.255.4),PASS,
214,s1-spine2,BGP,VerifyBGPSpecificPeers,Verifies the health of specific BGP peer(s).,BGP EVPN Peer: s1-leaf3 (IP: 192.0.255.5),PASS,
215,s1-spine2,BGP,VerifyBGPSpecificPeers,Verifies the health of specific BGP peer(s).,BGP EVPN Peer: s1-leaf4 (IP: 192.0.255.6),PASS,
216,s1-spine2,Connectivity,VerifyLLDPNeighbors,Verifies that the provided LLDP neighbors are connected properly.,Local: Ethernet2 - Remote: s1-leaf1 Ethernet3,PASS,
217,s1-spine2,Connectivity,VerifyLLDPNeighbors,Verifies that the provided LLDP neighbors are connected properly.,Local: Ethernet3 - Remote: s1-leaf2 Ethernet3,PASS,
218,s1-spine2,Connectivity,VerifyLLDPNeighbors,Verifies that the provided LLDP neighbors are connected properly.,Local: Ethernet4 - Remote: s1-leaf3 Ethernet3,PASS,
219,s1-spine2,Connectivity,VerifyLLDPNeighbors,Verifies that the provided LLDP neighbors are connected properly.,Local: Ethernet5 - Remote: s1-leaf4 Ethernet3,PASS,
220,s1-spine2,Connectivity,VerifyReachability,Test the network reachability to one or many destination IP(s).,Source: P2P Interface Ethernet2 (IP: 172.30.255.2) - Destination: s1-leaf1 Ethernet3 (IP: 172.30.255.3),PASS,
221,s1-spine2,Connectivity,VerifyReachability,Test the network reachability to one or many destination IP(s).,Source: P2P Interface Ethernet3 (IP: 172.30.255.6) - Destination: s1-leaf2 Ethernet3 (IP: 172.30.255.7),PASS,
222,s1-spine2,Connectivity,VerifyReachability,Test the network reachability to one or many destination IP(s).,Source: P2P Interface Ethernet4 (IP: 172.30.255.10) - Destination: s1-leaf3 Ethernet3 (IP: 172.30.255.11),PASS,
223,s1-spine2,Connectivity,VerifyReachability,Test the network reachability to one or many destination IP(s).,Source: P2P Interface Ethernet5 (IP: 172.30.255.14) - Destination: s1-leaf4 Ethernet3 (IP: 172.30.255.15),PASS,
224,s1-spine2,Hardware,VerifyEnvironmentCooling,Verifies the status of power supply fans and all fan trays.,Accepted States: 'ok',SKIPPED,VerifyEnvironmentCooling test is not supported on cEOSLab.
225,s1-spine2,Hardware,VerifyEnvironmentPower,Verifies the power supplies status.,Accepted States: 'ok',SKIPPED,VerifyEnvironmentPower test is not supported on cEOSLab.
226,s1-spine2,Hardware,VerifyTemperature,Verifies the device temperature.,,SKIPPED,VerifyTemperature test is not supported on cEOSLab.
227,s1-spine2,Hardware,VerifyTransceiversManufacturers,Verifies if all transceivers come from approved manufacturers.,"Accepted Manufacturers: 'Arista Networks', 'Arastra, Inc.', 'Not Present'",SKIPPED,VerifyTransceiversManufacturers test is not supported on cEOSLab.
228,s1-spine2,Interfaces,VerifyInterfacesStatus,Verifies the status of the provided interfaces.,Interface Ethernet2 - P2P_LINK_TO_S1-LEAF1_Ethernet3 = 'up',PASS,
229,s1-spine2,Interfaces,VerifyInterfacesStatus,Verifies the status of the provided interfaces.,Interface Ethernet3 - P2P_LINK_TO_S1-LEAF2_Ethernet3 = 'up',PASS,
230,s1-spine2,Interfaces,VerifyInterfacesStatus,Verifies the status of the provided interfaces.,Interface Ethernet4 - P2P_LINK_TO_S1-LEAF3_Ethernet3 = 'up',PASS,
231,s1-spine2,Interfaces,VerifyInterfacesStatus,Verifies the status of the provided interfaces.,Interface Ethernet5 - P2P_LINK_TO_S1-LEAF4_Ethernet3 = 'up',PASS,
232,s1-spine2,Interfaces,VerifyInterfacesStatus,Verifies the status of the provided interfaces.,Interface Loopback0 - EVPN_Overlay_Peering = 'up',PASS,
233,s1-spine2,Routing,VerifyRoutingProtocolModel,Verifies the configured routing protocol model.,Routing protocol model: multi-agent,PASS,
234,s1-spine2,System,VerifyNTP,Verifies if NTP is synchronised.,,PASS,
